<?xml version="1.0" encoding="UTF-8"?>
<GenRun Id="synth_1" LaunchPart="xc7a100tcsg324-1" LaunchTime="1733542303" LaunchIncrCheckpoint="$PSRCDIR/utils_1/imports/synth_1/toptop.dcp">
  <File Type="PA-TCL" Name="top.tcl"/>
  <File Type="RDS-PROPCONSTRS" Name="top_drc_synth.rpt"/>
  <File Type="REPORTS-TCL" Name="top_reports.tcl"/>
  <File Type="RDS-RDS" Name="top.vds"/>
  <File Type="RDS-UTIL" Name="top_utilization_synth.rpt"/>
  <File Type="RDS-UTIL-PB" Name="top_utilization_synth.pb"/>
  <File Type="RDS-DCP" Name="top.dcp"/>
  <File Type="VDS-TIMINGSUMMARY" Name="top_timing_summary_synth.rpt"/>
  <File Type="VDS-TIMING-PB" Name="top_timing_summary_synth.pb"/>
  <FileSet Name="sources" Type="DesignSrcs" RelSrcDir="$PSRCDIR/sources_1" RelGenDir="$PGENDIR/sources_1">
    <Filter Type="Srcs"/>
    <File Path="$PSRCDIR/sources_1/imports/Modules/ALU32Bit.v">
      <FileInfo>
        <Attr Name="ImportPath" Val="$PPRDIR/../Verilog Files/Modules/ALU32Bit.v"/>
        <Attr Name="ImportTime" Val="1730502244"/>
        <Attr Name="UsedIn" Val="synthesis"/>
        <Attr Name="UsedIn" Val="implementation"/>
        <Attr Name="UsedIn" Val="simulation"/>
      </FileInfo>
    </File>
    <File Path="$PSRCDIR/sources_1/imports/Modules/Adder.v">
      <FileInfo>
        <Attr Name="ImportPath" Val="$PPRDIR/../Verilog Files/Modules/Adder.v"/>
        <Attr Name="ImportTime" Val="1730502244"/>
        <Attr Name="UsedIn" Val="synthesis"/>
        <Attr Name="UsedIn" Val="implementation"/>
        <Attr Name="UsedIn" Val="simulation"/>
      </FileInfo>
    </File>
    <File Path="$PSRCDIR/sources_1/imports/Modules/BranchComparison.v">
      <FileInfo>
        <Attr Name="ImportPath" Val="$PPRDIR/../Verilog Files/Modules/BranchComparison.v"/>
        <Attr Name="ImportTime" Val="1730502244"/>
        <Attr Name="UsedIn" Val="synthesis"/>
        <Attr Name="UsedIn" Val="implementation"/>
        <Attr Name="UsedIn" Val="simulation"/>
      </FileInfo>
    </File>
    <File Path="$PSRCDIR/sources_1/imports/Modules/Concatenation.v">
      <FileInfo>
        <Attr Name="ImportPath" Val="$PPRDIR/../Verilog Files/Modules/Concatenation.v"/>
        <Attr Name="ImportTime" Val="1730502244"/>
        <Attr Name="UsedIn" Val="synthesis"/>
        <Attr Name="UsedIn" Val="implementation"/>
        <Attr Name="UsedIn" Val="simulation"/>
      </FileInfo>
    </File>
    <File Path="$PSRCDIR/sources_1/imports/Modules/Controller.v">
      <FileInfo>
        <Attr Name="ImportPath" Val="$PPRDIR/../Verilog Files/Modules/Controller.v"/>
        <Attr Name="ImportTime" Val="1730502244"/>
        <Attr Name="UsedIn" Val="synthesis"/>
        <Attr Name="UsedIn" Val="implementation"/>
        <Attr Name="UsedIn" Val="simulation"/>
      </FileInfo>
    </File>
    <File Path="$PSRCDIR/sources_1/imports/Modules/DataMemory.v">
      <FileInfo>
        <Attr Name="ImportPath" Val="$PPRDIR/../Verilog Files/Modules/DataMemory.v"/>
        <Attr Name="ImportTime" Val="1730502244"/>
        <Attr Name="UsedIn" Val="synthesis"/>
        <Attr Name="UsedIn" Val="implementation"/>
        <Attr Name="UsedIn" Val="simulation"/>
      </FileInfo>
    </File>
    <File Path="$PSRCDIR/sources_1/imports/Modules/EXMRegister.v">
      <FileInfo>
        <Attr Name="ImportPath" Val="$PPRDIR/../Verilog Files/Modules/EXMRegister.v"/>
        <Attr Name="ImportTime" Val="1730502244"/>
        <Attr Name="UsedIn" Val="synthesis"/>
        <Attr Name="UsedIn" Val="implementation"/>
        <Attr Name="UsedIn" Val="simulation"/>
      </FileInfo>
    </File>
    <File Path="$PSRCDIR/sources_1/imports/Modules/HazardDetection.v">
      <FileInfo>
        <Attr Name="ImportPath" Val="$PPRDIR/../Verilog Files/Modules/HazardDetection.v"/>
        <Attr Name="ImportTime" Val="1730502244"/>
        <Attr Name="UsedIn" Val="synthesis"/>
        <Attr Name="UsedIn" Val="implementation"/>
        <Attr Name="UsedIn" Val="simulation"/>
      </FileInfo>
    </File>
    <File Path="$PSRCDIR/sources_1/imports/Modules/IDEXRegister.v">
      <FileInfo>
        <Attr Name="ImportPath" Val="$PPRDIR/../Verilog Files/Modules/IDEXRegister.v"/>
        <Attr Name="ImportTime" Val="1730502244"/>
        <Attr Name="UsedIn" Val="synthesis"/>
        <Attr Name="UsedIn" Val="implementation"/>
        <Attr Name="UsedIn" Val="simulation"/>
      </FileInfo>
    </File>
    <File Path="$PSRCDIR/sources_1/imports/Modules/IFIDRegister.v">
      <FileInfo>
        <Attr Name="ImportPath" Val="$PPRDIR/../Verilog Files/Modules/IFIDRegister.v"/>
        <Attr Name="ImportTime" Val="1730502244"/>
        <Attr Name="UsedIn" Val="synthesis"/>
        <Attr Name="UsedIn" Val="implementation"/>
        <Attr Name="UsedIn" Val="simulation"/>
      </FileInfo>
    </File>
    <File Path="$PSRCDIR/sources_1/imports/Modules/InstructionMemory.v">
      <FileInfo>
        <Attr Name="ImportPath" Val="$PPRDIR/../Verilog Files/Modules/InstructionMemory.v"/>
        <Attr Name="ImportTime" Val="1730502244"/>
        <Attr Name="UsedIn" Val="synthesis"/>
        <Attr Name="UsedIn" Val="implementation"/>
        <Attr Name="UsedIn" Val="simulation"/>
      </FileInfo>
    </File>
    <File Path="$PSRCDIR/sources_1/imports/Modules/MWBRegister.v">
      <FileInfo>
        <Attr Name="ImportPath" Val="$PPRDIR/../Verilog Files/Modules/MWBRegister.v"/>
        <Attr Name="ImportTime" Val="1730502244"/>
        <Attr Name="UsedIn" Val="synthesis"/>
        <Attr Name="UsedIn" Val="implementation"/>
        <Attr Name="UsedIn" Val="simulation"/>
      </FileInfo>
    </File>
    <File Path="$PSRCDIR/sources_1/imports/Modules/Mux32Bit2To1.v">
      <FileInfo>
        <Attr Name="ImportPath" Val="$PPRDIR/../Verilog Files/Modules/Mux32Bit2To1.v"/>
        <Attr Name="ImportTime" Val="1730502244"/>
        <Attr Name="UsedIn" Val="synthesis"/>
        <Attr Name="UsedIn" Val="implementation"/>
        <Attr Name="UsedIn" Val="simulation"/>
      </FileInfo>
    </File>
    <File Path="$PSRCDIR/sources_1/imports/Modules/Mux32Bit3To1.v">
      <FileInfo>
        <Attr Name="ImportPath" Val="$PPRDIR/../Verilog Files/Modules/Mux32Bit3To1.v"/>
        <Attr Name="ImportTime" Val="1730502244"/>
        <Attr Name="UsedIn" Val="synthesis"/>
        <Attr Name="UsedIn" Val="implementation"/>
        <Attr Name="UsedIn" Val="simulation"/>
      </FileInfo>
    </File>
    <File Path="$PSRCDIR/sources_1/imports/Modules/PCAdder.v">
      <FileInfo>
        <Attr Name="ImportPath" Val="$PPRDIR/../Verilog Files/Modules/PCAdder.v"/>
        <Attr Name="ImportTime" Val="1730502244"/>
        <Attr Name="UsedIn" Val="synthesis"/>
        <Attr Name="UsedIn" Val="implementation"/>
        <Attr Name="UsedIn" Val="simulation"/>
      </FileInfo>
    </File>
    <File Path="$PSRCDIR/sources_1/imports/Modules/ProgramCounter.v">
      <FileInfo>
        <Attr Name="ImportPath" Val="$PPRDIR/../Verilog Files/Modules/ProgramCounter.v"/>
        <Attr Name="ImportTime" Val="1730502244"/>
        <Attr Name="UsedIn" Val="synthesis"/>
        <Attr Name="UsedIn" Val="implementation"/>
        <Attr Name="UsedIn" Val="simulation"/>
      </FileInfo>
    </File>
    <File Path="$PSRCDIR/sources_1/imports/Modules/RegisterFile.v">
      <FileInfo>
        <Attr Name="ImportPath" Val="$PPRDIR/../Verilog Files/Modules/RegisterFile.v"/>
        <Attr Name="ImportTime" Val="1730502244"/>
        <Attr Name="UsedIn" Val="synthesis"/>
        <Attr Name="UsedIn" Val="implementation"/>
        <Attr Name="UsedIn" Val="simulation"/>
      </FileInfo>
    </File>
    <File Path="$PSRCDIR/sources_1/imports/Modules/ShiftLeftby2.v">
      <FileInfo>
        <Attr Name="ImportPath" Val="$PPRDIR/../Verilog Files/Modules/ShiftLeftby2.v"/>
        <Attr Name="ImportTime" Val="1730502244"/>
        <Attr Name="UsedIn" Val="synthesis"/>
        <Attr Name="UsedIn" Val="implementation"/>
        <Attr Name="UsedIn" Val="simulation"/>
      </FileInfo>
    </File>
    <File Path="$PSRCDIR/sources_1/imports/Modules/SignExtension.v">
      <FileInfo>
        <Attr Name="ImportPath" Val="$PPRDIR/../Verilog Files/Modules/SignExtension.v"/>
        <Attr Name="ImportTime" Val="1730502244"/>
        <Attr Name="UsedIn" Val="synthesis"/>
        <Attr Name="UsedIn" Val="implementation"/>
        <Attr Name="UsedIn" Val="simulation"/>
      </FileInfo>
    </File>
    <File Path="$PSRCDIR/sources_1/imports/Modules/TwoBitBranchPredictor.v">
      <FileInfo>
        <Attr Name="ImportPath" Val="$PPRDIR/../../../../Branch Prediction Test/Branch Prediction Test.srcs/sources_1/imports/Verilog Files/Modules/TwoBitBranchPredictor.v"/>
        <Attr Name="ImportTime" Val="1731347353"/>
        <Attr Name="UsedIn" Val="synthesis"/>
        <Attr Name="UsedIn" Val="implementation"/>
        <Attr Name="UsedIn" Val="simulation"/>
      </FileInfo>
    </File>
    <File Path="$PSRCDIR/sources_1/imports/Modules/signextend26to32.v">
      <FileInfo>
        <Attr Name="ImportPath" Val="$PPRDIR/../Verilog Files/Modules/signextend26to32.v"/>
        <Attr Name="ImportTime" Val="1730502244"/>
        <Attr Name="UsedIn" Val="synthesis"/>
        <Attr Name="UsedIn" Val="implementation"/>
        <Attr Name="UsedIn" Val="simulation"/>
      </FileInfo>
    </File>
    <File Path="$PSRCDIR/sources_1/imports/Modules/Top.v">
      <FileInfo>
        <Attr Name="ImportPath" Val="$PPRDIR/../Verilog Files/Modules/Top.v"/>
        <Attr Name="ImportTime" Val="1730502244"/>
        <Attr Name="UsedIn" Val="synthesis"/>
        <Attr Name="UsedIn" Val="implementation"/>
        <Attr Name="UsedIn" Val="simulation"/>
      </FileInfo>
    </File>
    <File Path="$PSRCDIR/sources_1/imports/Modules/ClkDiv.v">
      <FileInfo>
        <Attr Name="AutoDisabled" Val="1"/>
        <Attr Name="ImportPath" Val="$PPRDIR/../Verilog Files/Modules/ClkDiv.v"/>
        <Attr Name="ImportTime" Val="1730502244"/>
        <Attr Name="UsedIn" Val="synthesis"/>
        <Attr Name="UsedIn" Val="implementation"/>
        <Attr Name="UsedIn" Val="simulation"/>
      </FileInfo>
    </File>
    <File Path="$PSRCDIR/sources_1/imports/Modules/SevenSegment.v">
      <FileInfo>
        <Attr Name="AutoDisabled" Val="1"/>
        <Attr Name="ImportPath" Val="$PPRDIR/../Verilog Files/Modules/SevenSegment.v"/>
        <Attr Name="ImportTime" Val="1730502244"/>
        <Attr Name="UsedIn" Val="synthesis"/>
        <Attr Name="UsedIn" Val="implementation"/>
        <Attr Name="UsedIn" Val="simulation"/>
      </FileInfo>
    </File>
    <File Path="$PSRCDIR/sources_1/imports/Modules/Two4DigitDisplay.v">
      <FileInfo>
        <Attr Name="AutoDisabled" Val="1"/>
        <Attr Name="ImportPath" Val="$PPRDIR/../Verilog Files/Modules/Two4DigitDisplay.v"/>
        <Attr Name="ImportTime" Val="1730502244"/>
        <Attr Name="UsedIn" Val="synthesis"/>
        <Attr Name="UsedIn" Val="implementation"/>
        <Attr Name="UsedIn" Val="simulation"/>
      </FileInfo>
    </File>
    <File Path="$PSRCDIR/sources_1/imports/Modules/toptop.v">
      <FileInfo>
        <Attr Name="UserDisabled" Val="1"/>
        <Attr Name="ImportPath" Val="$PPRDIR/../Verilog Files/Modules/toptop.v"/>
        <Attr Name="ImportTime" Val="1730502244"/>
        <Attr Name="UsedIn" Val="synthesis"/>
        <Attr Name="UsedIn" Val="implementation"/>
        <Attr Name="UsedIn" Val="simulation"/>
      </FileInfo>
    </File>
    <Config>
      <Option Name="DesignMode" Val="RTL"/>
      <Option Name="TopModule" Val="top"/>
      <Option Name="TopAutoSet" Val="TRUE"/>
    </Config>
  </FileSet>
  <FileSet Name="constrs_in" Type="Constrs" RelSrcDir="$PSRCDIR/constrs_1" RelGenDir="$PGENDIR/constrs_1">
    <Filter Type="Constrs"/>
    <File Path="$PSRCDIR/constrs_1/imports/Modules/Two4DigitDisplay.xdc">
      <FileInfo>
        <Attr Name="ImportPath" Val="$PPRDIR/../Verilog Files/Modules/Two4DigitDisplay.xdc"/>
        <Attr Name="ImportTime" Val="1730502244"/>
        <Attr Name="UsedIn" Val="synthesis"/>
        <Attr Name="UsedIn" Val="implementation"/>
      </FileInfo>
    </File>
    <Config>
      <Option Name="ConstrsType" Val="XDC"/>
    </Config>
  </FileSet>
  <FileSet Name="utils" Type="Utils" RelSrcDir="$PSRCDIR/utils_1" RelGenDir="$PGENDIR/utils_1">
    <Filter Type="Utils"/>
    <File Path="$PSRCDIR/utils_1/imports/synth_1/toptop.dcp">
      <FileInfo>
        <Attr Name="UsedIn" Val="synthesis"/>
        <Attr Name="UsedIn" Val="implementation"/>
        <Attr Name="UsedInSteps" Val="synth_1"/>
        <Attr Name="AutoDcp" Val="1"/>
      </FileInfo>
    </File>
    <Config>
      <Option Name="TopAutoSet" Val="TRUE"/>
    </Config>
  </FileSet>
  <Strategy Version="1" Minor="2">
    <StratHandle Name="Vivado Synthesis Defaults" Flow="Vivado Synthesis 2024"/>
    <Step Id="synth_design"/>
  </Strategy>
</GenRun>
