<?xml version="1.0" encoding="UTF-8"?>
<GenRun Id="impl_1" LaunchPart="xc7a100tcsg324-1" LaunchTime="1733534048">
  <File Type="ROUTE-PWR" Name="toptop_power_routed.rpt"/>
  <File Type="PA-TCL" Name="toptop.tcl"/>
  <File Type="ROUTE-PWR-SUM" Name="toptop_power_summary_routed.pb"/>
  <File Type="REPORTS-TCL" Name="toptop_reports.tcl"/>
  <File Type="OPT-RQA-PB" Name="toptop_rqa_opted.pb"/>
  <File Type="BITSTR-MMI" Name="toptop.mmi"/>
  <File Type="OPT-METHODOLOGY-DRC" Name="toptop_methodology_drc_opted.rpt"/>
  <File Type="INIT-TIMING" Name="toptop_timing_summary_init.rpt"/>
  <File Type="OPT-TIMING" Name="toptop_timing_summary_opted.rpt"/>
  <File Type="OPT-DCP" Name="toptop_opt.dcp"/>
  <File Type="OPT-DRC" Name="toptop_drc_opted.rpt"/>
  <File Type="OPT-HWDEF" Name="toptop.hwdef"/>
  <File Type="PWROPT-DCP" Name="toptop_pwropt.dcp"/>
  <File Type="PWROPT-DRC" Name="toptop_drc_pwropted.rpt"/>
  <File Type="PWROPT-TIMING" Name="toptop_timing_summary_pwropted.rpt"/>
  <File Type="PLACE-DCP" Name="toptop_placed.dcp"/>
  <File Type="PLACE-IO" Name="toptop_io_placed.rpt"/>
  <File Type="PLACE-CLK" Name="toptop_clock_utilization_placed.rpt"/>
  <File Type="PLACE-UTIL" Name="toptop_utilization_placed.rpt"/>
  <File Type="PLACE-UTIL-PB" Name="toptop_utilization_placed.pb"/>
  <File Type="PLACE-CTRL" Name="toptop_control_sets_placed.rpt"/>
  <File Type="PLACE-SIMILARITY" Name="toptop_incremental_reuse_placed.rpt"/>
  <File Type="PLACE-PRE-SIMILARITY" Name="toptop_incremental_reuse_pre_placed.rpt"/>
  <File Type="BG-BIN" Name="toptop.bin"/>
  <File Type="PLACE-TIMING" Name="toptop_timing_summary_placed.rpt"/>
  <File Type="ROUTE-PWR-RPX" Name="toptop_power_routed.rpx"/>
  <File Type="PLACE-RQA-PB" Name="toptop_rqa_placed.pb"/>
  <File Type="POSTPLACE-PWROPT-DCP" Name="toptop_postplace_pwropt.dcp"/>
  <File Type="BITSTR-MSK" Name="toptop.msk"/>
  <File Type="POSTPLACE-PWROPT-TIMING" Name="toptop_timing_summary_postplace_pwropted.rpt"/>
  <File Type="PHYSOPT-DCP" Name="toptop_physopt.dcp"/>
  <File Type="PHYSOPT-DRC" Name="toptop_drc_physopted.rpt"/>
  <File Type="BITSTR-RBT" Name="toptop.rbt"/>
  <File Type="PHYSOPT-TIMING" Name="toptop_timing_summary_physopted.rpt"/>
  <File Type="ROUTE-ERROR-DCP" Name="toptop_routed_error.dcp"/>
  <File Type="ROUTE-DCP" Name="toptop_routed.dcp"/>
  <File Type="ROUTE-BLACKBOX-DCP" Name="toptop_routed_bb.dcp"/>
  <File Type="ROUTE-DRC" Name="toptop_drc_routed.rpt"/>
  <File Type="ROUTE-DRC-PB" Name="toptop_drc_routed.pb"/>
  <File Type="ROUTE-DRC-RPX" Name="toptop_drc_routed.rpx"/>
  <File Type="ROUTE-METHODOLOGY-DRC" Name="toptop_methodology_drc_routed.rpt"/>
  <File Type="ROUTE-METHODOLOGY-DRC-RPX" Name="toptop_methodology_drc_routed.rpx"/>
  <File Type="ROUTE-METHODOLOGY-DRC-PB" Name="toptop_methodology_drc_routed.pb"/>
  <File Type="ROUTE-RQS-PB" Name="toptop_rqs_routed.pb"/>
  <File Type="ROUTE-STATUS" Name="toptop_route_status.rpt"/>
  <File Type="ROUTE-STATUS-PB" Name="toptop_route_status.pb"/>
  <File Type="ROUTE-TIMINGSUMMARY" Name="toptop_timing_summary_routed.rpt"/>
  <File Type="ROUTE-TIMING-PB" Name="toptop_timing_summary_routed.pb"/>
  <File Type="ROUTE-TIMING-RPX" Name="toptop_timing_summary_routed.rpx"/>
  <File Type="ROUTE-SIMILARITY" Name="toptop_incremental_reuse_routed.rpt"/>
  <File Type="ROUTE-CLK" Name="toptop_clock_utilization_routed.rpt"/>
  <File Type="ROUTE-BUS-SKEW" Name="toptop_bus_skew_routed.rpt"/>
  <File Type="ROUTE-BUS-SKEW-PB" Name="toptop_bus_skew_routed.pb"/>
  <File Type="ROUTE-BUS-SKEW-RPX" Name="toptop_bus_skew_routed.rpx"/>
  <File Type="POSTROUTE-PHYSOPT-DCP" Name="toptop_postroute_physopt.dcp"/>
  <File Type="POSTROUTE-PHYSOPT-BLACKBOX-DCP" Name="toptop_postroute_physopt_bb.dcp"/>
  <File Type="POSTROUTE-PHYSOPT-TIMING" Name="toptop_timing_summary_postroute_physopted.rpt"/>
  <File Type="POSTROUTE-PHYSOPT-TIMING-PB" Name="toptop_timing_summary_postroute_physopted.pb"/>
  <File Type="POSTROUTE-PHYSOPT-TIMING-RPX" Name="toptop_timing_summary_postroute_physopted.rpx"/>
  <File Type="POSTROUTE-PHYSOPT-BUS-SKEW" Name="toptop_bus_skew_postroute_physopted.rpt"/>
  <File Type="BG-BIT" Name="toptop.bit"/>
  <File Type="POSTROUTE-PHYSOPT-BUS-SKEW-PB" Name="toptop_bus_skew_postroute_physopted.pb"/>
  <File Type="POSTROUTE-PHYSOPT-BUS-SKEW-RPX" Name="toptop_bus_skew_postroute_physopted.rpx"/>
  <File Type="BITSTR-NKY" Name="toptop.nky"/>
  <File Type="BITSTR-BMM" Name="toptop_bd.bmm"/>
  <File Type="PDI-FILE" Name="toptop.pdi"/>
  <File Type="BOOT-PDI-FILE" Name="toptop_boot.pdi"/>
  <File Type="PL-PDI-FILE" Name="toptop_pld.pdi"/>
  <File Type="RCFI_FILE" Name="toptop.rcfi"/>
  <File Type="CFI_FILE" Name="toptop.cfi"/>
  <File Type="RNPI_FILE" Name="toptop.rnpi"/>
  <File Type="NPI_FILE" Name="toptop.npi"/>
  <File Type="RBD_FILE" Name="toptop.rbd"/>
  <File Type="BITSTR-LTX" Name="debug_nets.ltx"/>
  <File Type="BITSTR-LTX" Name="toptop.ltx"/>
  <File Type="BITSTR-SYSDEF" Name="toptop.sysdef"/>
  <File Type="BG-BGN" Name="toptop.bgn"/>
  <File Type="BG-DRC" Name="toptop.drc"/>
  <File Type="RDI-RDI" Name="toptop.vdi"/>
  <File Type="WBT-USG" Name="usage_statistics_webtalk.html"/>
  <File Type="ROUTE-RQS" Name="toptop_routed.rqs"/>
  <File Type="POSTROUTE-PHYSOPT-RQS" Name="toptop_postroute_physopted.rqs"/>
  <File Type="ROUTE-RQS-RPT" Name="route_report_qor_suggestions_0.rpt"/>
  <File Type="POSTROUTE-PHYSOPT-RQS-RPT" Name="postroute_physopt_report_qor_suggestions_0.rpt"/>
  <FileSet Name="sources" Type="DesignSrcs" RelSrcDir="$PSRCDIR/sources_1" RelGenDir="$PGENDIR/sources_1">
    <Filter Type="Srcs"/>
    <File Path="$PSRCDIR/sources_1/imports/Modules/ALU32Bit.v">
      <FileInfo>
        <Attr Name="ImportPath" Val="$PPRDIR/../Verilog Files/Modules/ALU32Bit.v"/>
        <Attr Name="ImportTime" Val="1730502244"/>
        <Attr Name="UsedIn" Val="synthesis"/>
        <Attr Name="UsedIn" Val="implementation"/>
        <Attr Name="UsedIn" Val="simulation"/>
      </FileInfo>
    </File>
    <File Path="$PSRCDIR/sources_1/imports/Modules/Adder.v">
      <FileInfo>
        <Attr Name="ImportPath" Val="$PPRDIR/../Verilog Files/Modules/Adder.v"/>
        <Attr Name="ImportTime" Val="1730502244"/>
        <Attr Name="UsedIn" Val="synthesis"/>
        <Attr Name="UsedIn" Val="implementation"/>
        <Attr Name="UsedIn" Val="simulation"/>
      </FileInfo>
    </File>
    <File Path="$PSRCDIR/sources_1/imports/Modules/BranchComparison.v">
      <FileInfo>
        <Attr Name="ImportPath" Val="$PPRDIR/../Verilog Files/Modules/BranchComparison.v"/>
        <Attr Name="ImportTime" Val="1730502244"/>
        <Attr Name="UsedIn" Val="synthesis"/>
        <Attr Name="UsedIn" Val="implementation"/>
        <Attr Name="UsedIn" Val="simulation"/>
      </FileInfo>
    </File>
    <File Path="$PSRCDIR/sources_1/imports/Modules/ClkDiv.v">
      <FileInfo>
        <Attr Name="ImportPath" Val="$PPRDIR/../Verilog Files/Modules/ClkDiv.v"/>
        <Attr Name="ImportTime" Val="1730502244"/>
        <Attr Name="UsedIn" Val="synthesis"/>
        <Attr Name="UsedIn" Val="implementation"/>
        <Attr Name="UsedIn" Val="simulation"/>
      </FileInfo>
    </File>
    <File Path="$PSRCDIR/sources_1/imports/Modules/Concatenation.v">
      <FileInfo>
        <Attr Name="ImportPath" Val="$PPRDIR/../Verilog Files/Modules/Concatenation.v"/>
        <Attr Name="ImportTime" Val="1730502244"/>
        <Attr Name="UsedIn" Val="synthesis"/>
        <Attr Name="UsedIn" Val="implementation"/>
        <Attr Name="UsedIn" Val="simulation"/>
      </FileInfo>
    </File>
    <File Path="$PSRCDIR/sources_1/imports/Modules/Controller.v">
      <FileInfo>
        <Attr Name="ImportPath" Val="$PPRDIR/../Verilog Files/Modules/Controller.v"/>
        <Attr Name="ImportTime" Val="1730502244"/>
        <Attr Name="UsedIn" Val="synthesis"/>
        <Attr Name="UsedIn" Val="implementation"/>
        <Attr Name="UsedIn" Val="simulation"/>
      </FileInfo>
    </File>
    <File Path="$PSRCDIR/sources_1/imports/Modules/DataMemory.v">
      <FileInfo>
        <Attr Name="ImportPath" Val="$PPRDIR/../Verilog Files/Modules/DataMemory.v"/>
        <Attr Name="ImportTime" Val="1730502244"/>
        <Attr Name="UsedIn" Val="synthesis"/>
        <Attr Name="UsedIn" Val="implementation"/>
        <Attr Name="UsedIn" Val="simulation"/>
      </FileInfo>
    </File>
    <File Path="$PSRCDIR/sources_1/imports/Modules/EXMRegister.v">
      <FileInfo>
        <Attr Name="ImportPath" Val="$PPRDIR/../Verilog Files/Modules/EXMRegister.v"/>
        <Attr Name="ImportTime" Val="1730502244"/>
        <Attr Name="UsedIn" Val="synthesis"/>
        <Attr Name="UsedIn" Val="implementation"/>
        <Attr Name="UsedIn" Val="simulation"/>
      </FileInfo>
    </File>
    <File Path="$PSRCDIR/sources_1/imports/Modules/HazardDetection.v">
      <FileInfo>
        <Attr Name="ImportPath" Val="$PPRDIR/../Verilog Files/Modules/HazardDetection.v"/>
        <Attr Name="ImportTime" Val="1730502244"/>
        <Attr Name="UsedIn" Val="synthesis"/>
        <Attr Name="UsedIn" Val="implementation"/>
        <Attr Name="UsedIn" Val="simulation"/>
      </FileInfo>
    </File>
    <File Path="$PSRCDIR/sources_1/imports/Modules/IDEXRegister.v">
      <FileInfo>
        <Attr Name="ImportPath" Val="$PPRDIR/../Verilog Files/Modules/IDEXRegister.v"/>
        <Attr Name="ImportTime" Val="1730502244"/>
        <Attr Name="UsedIn" Val="synthesis"/>
        <Attr Name="UsedIn" Val="implementation"/>
        <Attr Name="UsedIn" Val="simulation"/>
      </FileInfo>
    </File>
    <File Path="$PSRCDIR/sources_1/imports/Modules/IFIDRegister.v">
      <FileInfo>
        <Attr Name="ImportPath" Val="$PPRDIR/../Verilog Files/Modules/IFIDRegister.v"/>
        <Attr Name="ImportTime" Val="1730502244"/>
        <Attr Name="UsedIn" Val="synthesis"/>
        <Attr Name="UsedIn" Val="implementation"/>
        <Attr Name="UsedIn" Val="simulation"/>
      </FileInfo>
    </File>
    <File Path="$PSRCDIR/sources_1/imports/Modules/InstructionMemory.v">
      <FileInfo>
        <Attr Name="ImportPath" Val="$PPRDIR/../Verilog Files/Modules/InstructionMemory.v"/>
        <Attr Name="ImportTime" Val="1730502244"/>
        <Attr Name="UsedIn" Val="synthesis"/>
        <Attr Name="UsedIn" Val="implementation"/>
        <Attr Name="UsedIn" Val="simulation"/>
      </FileInfo>
    </File>
    <File Path="$PSRCDIR/sources_1/imports/Modules/MWBRegister.v">
      <FileInfo>
        <Attr Name="ImportPath" Val="$PPRDIR/../Verilog Files/Modules/MWBRegister.v"/>
        <Attr Name="ImportTime" Val="1730502244"/>
        <Attr Name="UsedIn" Val="synthesis"/>
        <Attr Name="UsedIn" Val="implementation"/>
        <Attr Name="UsedIn" Val="simulation"/>
      </FileInfo>
    </File>
    <File Path="$PSRCDIR/sources_1/imports/Modules/Mux32Bit2To1.v">
      <FileInfo>
        <Attr Name="ImportPath" Val="$PPRDIR/../Verilog Files/Modules/Mux32Bit2To1.v"/>
        <Attr Name="ImportTime" Val="1730502244"/>
        <Attr Name="UsedIn" Val="synthesis"/>
        <Attr Name="UsedIn" Val="implementation"/>
        <Attr Name="UsedIn" Val="simulation"/>
      </FileInfo>
    </File>
    <File Path="$PSRCDIR/sources_1/imports/Modules/Mux32Bit3To1.v">
      <FileInfo>
        <Attr Name="ImportPath" Val="$PPRDIR/../Verilog Files/Modules/Mux32Bit3To1.v"/>
        <Attr Name="ImportTime" Val="1730502244"/>
        <Attr Name="UsedIn" Val="synthesis"/>
        <Attr Name="UsedIn" Val="implementation"/>
        <Attr Name="UsedIn" Val="simulation"/>
      </FileInfo>
    </File>
    <File Path="$PSRCDIR/sources_1/imports/Modules/PCAdder.v">
      <FileInfo>
        <Attr Name="ImportPath" Val="$PPRDIR/../Verilog Files/Modules/PCAdder.v"/>
        <Attr Name="ImportTime" Val="1730502244"/>
        <Attr Name="UsedIn" Val="synthesis"/>
        <Attr Name="UsedIn" Val="implementation"/>
        <Attr Name="UsedIn" Val="simulation"/>
      </FileInfo>
    </File>
    <File Path="$PSRCDIR/sources_1/imports/Modules/ProgramCounter.v">
      <FileInfo>
        <Attr Name="ImportPath" Val="$PPRDIR/../Verilog Files/Modules/ProgramCounter.v"/>
        <Attr Name="ImportTime" Val="1730502244"/>
        <Attr Name="UsedIn" Val="synthesis"/>
        <Attr Name="UsedIn" Val="implementation"/>
        <Attr Name="UsedIn" Val="simulation"/>
      </FileInfo>
    </File>
    <File Path="$PSRCDIR/sources_1/imports/Modules/RegisterFile.v">
      <FileInfo>
        <Attr Name="ImportPath" Val="$PPRDIR/../Verilog Files/Modules/RegisterFile.v"/>
        <Attr Name="ImportTime" Val="1730502244"/>
        <Attr Name="UsedIn" Val="synthesis"/>
        <Attr Name="UsedIn" Val="implementation"/>
        <Attr Name="UsedIn" Val="simulation"/>
      </FileInfo>
    </File>
    <File Path="$PSRCDIR/sources_1/imports/Modules/SevenSegment.v">
      <FileInfo>
        <Attr Name="ImportPath" Val="$PPRDIR/../Verilog Files/Modules/SevenSegment.v"/>
        <Attr Name="ImportTime" Val="1730502244"/>
        <Attr Name="UsedIn" Val="synthesis"/>
        <Attr Name="UsedIn" Val="implementation"/>
        <Attr Name="UsedIn" Val="simulation"/>
      </FileInfo>
    </File>
    <File Path="$PSRCDIR/sources_1/imports/Modules/ShiftLeftby2.v">
      <FileInfo>
        <Attr Name="ImportPath" Val="$PPRDIR/../Verilog Files/Modules/ShiftLeftby2.v"/>
        <Attr Name="ImportTime" Val="1730502244"/>
        <Attr Name="UsedIn" Val="synthesis"/>
        <Attr Name="UsedIn" Val="implementation"/>
        <Attr Name="UsedIn" Val="simulation"/>
      </FileInfo>
    </File>
    <File Path="$PSRCDIR/sources_1/imports/Modules/SignExtension.v">
      <FileInfo>
        <Attr Name="ImportPath" Val="$PPRDIR/../Verilog Files/Modules/SignExtension.v"/>
        <Attr Name="ImportTime" Val="1730502244"/>
        <Attr Name="UsedIn" Val="synthesis"/>
        <Attr Name="UsedIn" Val="implementation"/>
        <Attr Name="UsedIn" Val="simulation"/>
      </FileInfo>
    </File>
    <File Path="$PSRCDIR/sources_1/imports/Modules/Top.v">
      <FileInfo>
        <Attr Name="ImportPath" Val="$PPRDIR/../Verilog Files/Modules/Top.v"/>
        <Attr Name="ImportTime" Val="1730502244"/>
        <Attr Name="UsedIn" Val="synthesis"/>
        <Attr Name="UsedIn" Val="implementation"/>
        <Attr Name="UsedIn" Val="simulation"/>
      </FileInfo>
    </File>
    <File Path="$PSRCDIR/sources_1/imports/Modules/Two4DigitDisplay.v">
      <FileInfo>
        <Attr Name="ImportPath" Val="$PPRDIR/../Verilog Files/Modules/Two4DigitDisplay.v"/>
        <Attr Name="ImportTime" Val="1730502244"/>
        <Attr Name="UsedIn" Val="synthesis"/>
        <Attr Name="UsedIn" Val="implementation"/>
        <Attr Name="UsedIn" Val="simulation"/>
      </FileInfo>
    </File>
    <File Path="$PSRCDIR/sources_1/imports/Modules/TwoBitBranchPredictor.v">
      <FileInfo>
        <Attr Name="ImportPath" Val="$PPRDIR/../../../../Branch Prediction Test/Branch Prediction Test.srcs/sources_1/imports/Verilog Files/Modules/TwoBitBranchPredictor.v"/>
        <Attr Name="ImportTime" Val="1731347353"/>
        <Attr Name="UsedIn" Val="synthesis"/>
        <Attr Name="UsedIn" Val="implementation"/>
        <Attr Name="UsedIn" Val="simulation"/>
      </FileInfo>
    </File>
    <File Path="$PSRCDIR/sources_1/imports/Modules/signextend26to32.v">
      <FileInfo>
        <Attr Name="ImportPath" Val="$PPRDIR/../Verilog Files/Modules/signextend26to32.v"/>
        <Attr Name="ImportTime" Val="1730502244"/>
        <Attr Name="UsedIn" Val="synthesis"/>
        <Attr Name="UsedIn" Val="implementation"/>
        <Attr Name="UsedIn" Val="simulation"/>
      </FileInfo>
    </File>
    <File Path="$PSRCDIR/sources_1/imports/Modules/toptop.v">
      <FileInfo>
        <Attr Name="ImportPath" Val="$PPRDIR/../Verilog Files/Modules/toptop.v"/>
        <Attr Name="ImportTime" Val="1730502244"/>
        <Attr Name="UsedIn" Val="synthesis"/>
        <Attr Name="UsedIn" Val="implementation"/>
        <Attr Name="UsedIn" Val="simulation"/>
      </FileInfo>
    </File>
    <File Path="$PSRCDIR/sources_1/imports/Modules/toptb.v">
      <FileInfo>
        <Attr Name="AutoDisabled" Val="1"/>
        <Attr Name="ImportPath" Val="$PPRDIR/../Verilog Files/Modules/toptb.v"/>
        <Attr Name="ImportTime" Val="1730502244"/>
        <Attr Name="UsedIn" Val="synthesis"/>
        <Attr Name="UsedIn" Val="implementation"/>
        <Attr Name="UsedIn" Val="simulation"/>
      </FileInfo>
    </File>
    <File Path="$PSRCDIR/sources_1/imports/Modules/AlwaysBranchPredictor.v">
      <FileInfo>
        <Attr Name="AutoDisabled" Val="1"/>
        <Attr Name="ImportPath" Val="$PPRDIR/../Verilog Files/Modules/AlwaysBranchPredictor.v"/>
        <Attr Name="ImportTime" Val="1730478266"/>
        <Attr Name="UsedIn" Val="synthesis"/>
        <Attr Name="UsedIn" Val="implementation"/>
        <Attr Name="UsedIn" Val="simulation"/>
      </FileInfo>
    </File>
    <File Path="$PSRCDIR/sources_1/imports/Testbenches/TwoBitBranchPredictor_tb.v">
      <FileInfo>
        <Attr Name="UserDisabled" Val="1"/>
        <Attr Name="ImportPath" Val="$PPRDIR/../Verilog Files/Testbenches/TwoBitBranchPredictor_tb.v"/>
        <Attr Name="ImportTime" Val="1731344918"/>
        <Attr Name="UsedIn" Val="synthesis"/>
        <Attr Name="UsedIn" Val="implementation"/>
        <Attr Name="UsedIn" Val="simulation"/>
      </FileInfo>
    </File>
    <Config>
      <Option Name="DesignMode" Val="RTL"/>
      <Option Name="TopModule" Val="toptop"/>
      <Option Name="TopAutoSet" Val="TRUE"/>
    </Config>
  </FileSet>
  <FileSet Name="constrs_in" Type="Constrs" RelSrcDir="$PSRCDIR/constrs_1" RelGenDir="$PGENDIR/constrs_1">
    <Filter Type="Constrs"/>
    <File Path="$PSRCDIR/constrs_1/imports/Modules/Two4DigitDisplay.xdc">
      <FileInfo>
        <Attr Name="ImportPath" Val="$PPRDIR/../Verilog Files/Modules/Two4DigitDisplay.xdc"/>
        <Attr Name="ImportTime" Val="1730502244"/>
        <Attr Name="UsedIn" Val="synthesis"/>
        <Attr Name="UsedIn" Val="implementation"/>
      </FileInfo>
    </File>
    <Config>
      <Option Name="ConstrsType" Val="XDC"/>
    </Config>
  </FileSet>
  <FileSet Name="utils" Type="Utils" RelSrcDir="$PSRCDIR/utils_1" RelGenDir="$PGENDIR/utils_1">
    <Filter Type="Utils"/>
    <File Path="$PSRCDIR/utils_1/imports/synth_1/toptop.dcp">
      <FileInfo>
        <Attr Name="UsedIn" Val="synthesis"/>
        <Attr Name="UsedIn" Val="implementation"/>
        <Attr Name="UsedInSteps" Val="synth_1"/>
        <Attr Name="AutoDcp" Val="1"/>
      </FileInfo>
    </File>
    <Config>
      <Option Name="TopAutoSet" Val="TRUE"/>
    </Config>
  </FileSet>
  <Strategy Version="1" Minor="2">
    <StratHandle Name="Vivado Implementation Defaults" Flow="Vivado Implementation 2024"/>
    <Step Id="init_design"/>
    <Step Id="opt_design"/>
    <Step Id="power_opt_design"/>
    <Step Id="place_design"/>
    <Step Id="post_place_power_opt_design"/>
    <Step Id="phys_opt_design"/>
    <Step Id="route_design"/>
    <Step Id="post_route_phys_opt_design"/>
    <Step Id="write_bitstream"/>
  </Strategy>
</GenRun>
